{
  "normalizer": {
    "min": [
      3.756,
      20.41,
      -2.01,
      0.0,
      0.0,
      5.294422827496757,
      20.0,
      2023.0
    ],
    "max": [
      3.905,
      20.58,
      1.88,
      250.0,
      60.0,
      5.457933972310969,
      20.0,
      2026.0
    ]
  },
  "feature_keys": [
    "lattice_a",
    "lattice_c",
    "strain_pct",
    "onset_tc",
    "zero_r_tc",
    "c_over_a",
    "thickness_nm",
    "year"
  ]
}